,rank,username,article_link,date,views,creator_club_status,article_cat
0,1,Sion,https://www.analyticsvidhya.com/blog/2021/06/a-comprehensive-tutorial-on-deep-learning-part-2/,2021-06-13,34456,1,"Advanced,Deep Learning,Python"
1,2,barney6,https://www.analyticsvidhya.com/blog/2021/06/polars-the-fastest-dataframe-library-youve-never-heard-of/,2021-06-19,27767,1,"Beginner,Data Science,Libraries,Python,python"
2,3,rahul105,https://www.analyticsvidhya.com/blog/2021/06/lollipop-charts-advanced-data-visualization-in-python/,2021-06-20,25609,1,"Beginner,Data Visualization,Libraries,Project,Python"
3,4,jrath2001,https://www.analyticsvidhya.com/blog/2021/06/steal-the-code-ethically-get-better-at-ml-ai-research/,2021-06-13,21065,1,"Beginner,Career,Researchers &amp; Scientists"
4,5,aashi73,https://www.analyticsvidhya.com/blog/2021/06/must-known-data-visualization-techniques-for-data-science/,2021-06-07,19245,1,"Beginner,Data Exploration,Data Visualization,Python,Structured Data"
5,6,shraddhashekhar,https://www.analyticsvidhya.com/blog/2021/06/start-freelancing-in-data-science-data-analytics/,2021-06-17,19077,1,"Beginner,Career,Data Science,Job Roles"
6,7,rahul105,https://www.analyticsvidhya.com/blog/2021/06/donut-plots-data-visualization-with-python/,2021-06-15,18472,1,"Beginner,Data Visualization,Programming,Python,Structured Data"
7,8,lavanya@99,https://www.analyticsvidhya.com/blog/2021/06/implementing-python-to-learn-data-engineering-etl-process/,2021-06-27,18037,1,"Beginner,Data Engineering,Datetime,Programming,Python"
8,9,rahul105,https://www.analyticsvidhya.com/blog/2021/06/performance-comparision-of-tuned-and-untuned-classification-models/,2021-06-23,17922,1,"Algorithm,Classification,Intermediate,Machine Learning,Programming,Project,Python,Structured Data,Supervised"
9,10,rahul105,https://www.analyticsvidhya.com/blog/2021/06/tune-hyperparameters-with-gridsearchcv/,2021-06-23,17028,1,"Algorithm,Classification,Intermediate,Machine Learning,Project,Python,Structured Data,Supervised"
10,11,gunjan28,https://www.analyticsvidhya.com/blog/2021/06/15-functions-you-should-know-to-master-lists-in-python/,2021-06-12,13900,1,"Beginner,Programming,Python"
11,12,nilabhnishchhal,https://www.analyticsvidhya.com/blog/2021/06/join-the-dataframes-like-sql-tables-in-python-using-pandas/,2021-06-28,13887,1,"Beginner,Programming,Project,Python,SQL"
12,13,ssonia,https://www.analyticsvidhya.com/blog/2021/06/perform-web-scraping-with-python/,2021-06-18,13457,1,"Beginner,Data Mining,Data Science,Libraries,Project,Python"
13,14,kaustubh1828,https://www.analyticsvidhya.com/blog/2021/06/style-your-pandas-dataframe-and-make-it-stunning/,2021-06-27,11890,1,"Beginner,Data Exploration,Programming,Project,Python"
14,15,kajal56,https://www.analyticsvidhya.com/blog/2021/06/resume-screening-with-natural-language-processing-in-python/,2021-06-23,10141,1,"Advanced,NLP,Project,Python,Structured Data,Text,Use Cases"
15,16,mohit_tripathi,https://www.analyticsvidhya.com/blog/2021/06/image-processing-using-cnn-a-beginners-guide/,2021-06-21,10031,1,"Advanced,Algorithm,Deep Learning,Image,Image Analysis,Project,Python,Structured Data"
16,17,sarvagyaagrawal,https://www.analyticsvidhya.com/blog/2021/06/support-vector-machine-introduction/,2021-06-19,9083,1,"Algorithm,Beginner,Classification,Machine Learning,Python"
17,18,gunjan28,https://www.analyticsvidhya.com/blog/2021/06/anonymous-or-lambda-functions-in-python-a-beginners-guide/,2021-06-12,9045,1,"Beginner,Programming,Python,Technique"
18,19,neelutiwari,https://www.analyticsvidhya.com/blog/2021/06/sql-for-data-science-a-beginners-guide/,2021-06-11,8997,1,"Beginner,Data Engineering,Python,SQL"
19,20,ashish@choudhary,https://www.analyticsvidhya.com/blog/2021/06/advanced-python-data-visualization-libraries-plotly/,2021-06-25,8717,1,"Beginner,Data Exploration,Data Visualization,Libraries,Machine Learning,Python,Structured Data"
20,21,jitu7,https://www.analyticsvidhya.com/blog/2021/06/building-a-convolutional-neural-network-using-tensorflow-keras/,2021-06-22,8639,0,"Beginner,Data Science,Deep Learning,Python,Unstructured Data"
21,22,harsh_dhamecha,https://www.analyticsvidhya.com/blog/2021/06/a-detailed-explanation-of-gan-with-implementation-using-tensorflow-and-keras/,2021-06-13,8519,1,"Advanced,Deep Learning,Image,Project,Python,Unstructured Data,Unsupervised"
22,23,kaustubh1828,https://www.analyticsvidhya.com/blog/2021/06/exploring-mito-automatic-python-code-for-spreadsheet-operations/,2021-06-20,7531,1,"Beginner,Data Exploration,Libraries,Programming,Python,Structured Data"
23,24,Arnab1408,https://www.analyticsvidhya.com/blog/2021/06/complete-guide-on-how-to-use-autoencoders-in-python/,2021-06-26,7502,1,"Advanced,Computer Vision,Image Analysis,Project,Python"
24,25,priya603,https://www.analyticsvidhya.com/blog/2021/06/visualizing-sounds-librosa/,2021-06-13,7464,1,"Advanced,Audio,Data Engineering,Data Exploration,Data Visualization,Machine Learning,Python,Unstructured Data"
25,26,bohra.yash27@gmail.com,https://www.analyticsvidhya.com/blog/2021/06/the-challenge-of-vanishing-exploding-gradients-in-deep-neural-networks/,2021-06-18,7140,0,"Advanced,Algorithm,Deep Learning,Project,Python,Structured Data,Supervised"
26,27,HimanshuBajpai,https://www.analyticsvidhya.com/blog/2021/06/embed-powerbi-report-in-jupyter-notebook-using-powerbiclient/,2021-06-18,6896,0,"Data Engineering,Intermediate,Libraries,Power BI,python"
27,28,shraddhashekhar,https://www.analyticsvidhya.com/blog/2021/06/lstm-for-text-classification/,2021-06-14,6278,1,"Advanced,Classification,NLP,Project,Python,Structured Data,Text"
28,29,deepanshi6,https://www.analyticsvidhya.com/blog/2021/06/text-preprocessing-in-nlp-with-python-codes/,2021-06-25,5895,1,"Data Science,Intermediate,Machine Learning,NLP,Python,Text,Unstructured Data"
29,30,jrath2001,https://www.analyticsvidhya.com/blog/2021/06/mlops-now-made-simple-using-mlflow/,2021-06-10,5758,1,"Advanced,Machine Learning"
30,31,chirag676,https://www.analyticsvidhya.com/blog/2021/06/25-questions-to-test-your-skills-on-linear-regression-algorithm/,2021-06-09,5723,1,"Beginner,Data Science,Interviews,Linear Regression,Regression,Supervised"
31,32,rahul105,https://www.analyticsvidhya.com/blog/2021/06/ridgeline-plots-visualize-data-with-a-joy/,2021-06-25,5650,1,"Beginner,Data Exploration,Data Visualization,Libraries,Python,Structured Data"
32,33,prateekmaj21,https://www.analyticsvidhya.com/blog/2021/06/text-analytics-of-resume-dataset-with-nlp/,2021-06-08,5523,1,"Beginner,Data Science,Machine Learning,NLP,Python,Text"
33,34,Nishtha11,https://www.analyticsvidhya.com/blog/2021/06/pre-processing-of-text-data-in-nlp/,2021-06-15,5415,0,"Beginner,Listicle,NLP,python,Text"
34,35,barney6,https://www.analyticsvidhya.com/blog/2021/06/linear-predictive-models-part-1/,2021-06-24,5375,1,"Beginner,Data Science,Machine Learning,Python,Regression"
35,36,agrawal@71,https://www.analyticsvidhya.com/blog/2021/06/develop-your-first-image-classification-project-with-convolutional-neural-network/,2021-06-08,5294,1,"Advanced,Computer Vision,Data Science,Deep Learning,Image,Project,Unsupervised"
36,37,shri_varsheni,https://www.analyticsvidhya.com/blog/2021/06/why-and-how-to-use-bert-for-nlp-text-classification/,2021-06-22,5214,1,"Advanced,NLP,Project,Python,Text,Unstructured Data"
37,38,agrawal@71,https://www.analyticsvidhya.com/blog/2021/06/build-book-recommendation-system-unsupervised-learning-project/,2021-06-27,5185,1,"Advanced,Data Science,Pandas,Python,python,Recommendation,Unsupervised"
38,39,premanand17,https://www.analyticsvidhya.com/blog/2021/06/artificial-neural-networks-better-understanding/,2021-06-14,4828,1,"Beginner,Deep Learning,Python"
39,40,aman_preet_singh_gulati,https://www.analyticsvidhya.com/blog/2021/06/pan-card-fraud-detection-using-computer-vision/,2021-06-11,4573,1,"Advanced,Computer Vision,Image,Image Analysis,Programming,Project,Python,Structured Data,Unstructured Data"
40,41,kaustubh1828,https://www.analyticsvidhya.com/blog/2021/06/plotting-visualizations-out-of-pandas-dataframes/,2021-06-26,4520,1,"Beginner,Data Exploration,Data Visualization,Libraries,Pandas,Python,Structured Data"
41,42,harikabonthu96,https://www.analyticsvidhya.com/blog/2021/06/web-scraping-with-python-beautifulsoup-library/,2021-06-15,4447,1,"Data Mining,Intermediate,Libraries,Programming,Project,Python"
42,43,gunjan28,https://www.analyticsvidhya.com/blog/2021/06/twitter-sentiment-analysis-a-nlp-use-case-for-beginners/,2021-06-11,4194,1,"Beginner,Classification,Data Exploration,Machine Learning,Project"
43,44,ashwini10,https://www.analyticsvidhya.com/blog/2021/06/mlops-a-beginners-guide-to-machine-learning-operations/,2021-06-30,3903,0,"Advanced,Data Science,Machine Learning,MLops,Model Deployment"
44,45,aashi73,https://www.analyticsvidhya.com/blog/2021/06/complete-guide-to-data-types-in-statistics-for-data-science/,2021-06-08,3891,1,"Beginner,Data Exploration,Statistics"
45,46,kaustubh1828,https://www.analyticsvidhya.com/blog/2021/06/how-to-load-kaggle-datasets-directly-into-google-colab/,2021-06-19,3679,1,"Beginner,Data Science,Database,Project,Resource"
46,47,ashish@choudhary,https://www.analyticsvidhya.com/blog/2021/06/feature-selection-using-statistical-tests/,2021-06-27,3646,1,"Beginner,Machine Learning,Probability,Python,Statistics,Structured Data"
47,48,chirag676,https://www.analyticsvidhya.com/blog/2021/06/part-8-step-by-step-guide-to-master-nlp-useful-natural-language-processing-tasks/,2021-06-22,3521,1,"Beginner,Data Science,NLP,Python,Text,Word Embeddings"
48,49,Chiraggoyal229,https://www.analyticsvidhya.com/blog/2021/06/part-2-step-by-step-guide-to-master-natural-language-processing-nlp-in-python/,2021-06-15,3406,0,"Advanced,NLP,Project,Python,Text,Unstructured Data"
49,50,mala_deep,https://www.analyticsvidhya.com/blog/2021/06/cohort-analysis-using-python-for-beginners-a-hands-on-tutorial/,2021-06-07,3398,0,"Beginner,Machine Learning,Project,Python"
50,51,gaurav_here,https://www.analyticsvidhya.com/blog/2021/06/10-amazing-open-source-projects-for-machine-learning-enthusiasts/,2021-06-14,3362,1,"Beginner,Career,Profile Building,Project,Python,Resource"
51,52,vishesharora,https://www.analyticsvidhya.com/blog/2021/06/how-to-clean-data-in-python-for-machine-learning/,2021-06-09,3137,1,"Beginner,Data Cleaning,Data Science,Pandas"
52,53,premanand17,https://www.analyticsvidhya.com/blog/2021/06/support-vector-machine-better-understanding/,2021-06-16,3133,1,"Advanced,Algorithm,Classification,Machine Learning,Maths,Regression,Structured Data,Supervised"
53,54,Srivignesh_R,https://www.analyticsvidhya.com/blog/2021/06/build-web-app-instantly-for-machine-learning-using-streamlit/,2021-06-21,2967,1,"Advanced,Data Engineering,Data Visualization,Project,Python,Streamlit"
54,55,kashish1,https://www.analyticsvidhya.com/blog/2021/06/tricks-for-data-visualization-plotly-library/,2021-06-28,2965,1,"Beginner,Data Exploration,Data Visualization,Libraries,Project,Python,Structured Data"
55,56,chirag676,https://www.analyticsvidhya.com/blog/2021/06/part-10-step-by-step-guide-to-master-nlp-named-entity-recognition/,2021-06-23,2945,1,"Advanced,NLP,Project,Python,Text,Unsupervised"
56,57,megha152,https://www.analyticsvidhya.com/blog/2021/06/how-to-perform-basic-text-analysis-without-training-dataset/,2021-06-16,2739,0,"Advanced,Algorithm,NLP,Project,Python,Text"
57,58,Siddharth1698,https://www.analyticsvidhya.com/blog/2021/06/spotify-recommendation-system-using-pyspark-and-kafka-streaming/,2021-06-23,2589,1,"Advanced,Data Engineering,Python"
58,59,chirag676,https://www.analyticsvidhya.com/blog/2021/06/part-12-step-by-step-guide-to-master-nlp-grammar-in-nlp/,2021-06-24,2377,1,"Advanced,NLP"
59,60,Chiraggoyal229,https://www.analyticsvidhya.com/blog/2021/06/part-3-step-by-step-guide-to-master-natural-language-processing-nlp-in-python/,2021-06-15,2281,0,"Advanced,NLP,Project,Python,Text"
60,61,mrinal41,https://www.analyticsvidhya.com/blog/2021/06/breast-cancer-classification-using-deep-learning/,2021-06-09,2266,1,"Classification,Deep Learning,Healthcare,Intermediate,Object Detection,Python,Unstructured Data"
61,62,Chiraggoyal229,https://www.analyticsvidhya.com/blog/2021/06/part-1-step-by-step-guide-to-master-natural-language-processing-nlp-in-python/,2021-06-15,2251,0,"Advanced,NLP,Project,Python,Text"
62,63,Gargeya,https://www.analyticsvidhya.com/blog/2021/06/yolo-object-detection-in-seconds-cvlib/,2021-06-26,2048,1,"Advanced,Computer Vision,Deep Learning,Libraries"
63,64,mahisha_patel,https://www.analyticsvidhya.com/blog/2021/06/brain-tumor-detection-and-localization-using-deep-learning-part-1/,2021-06-06,2043,0,"Advanced,Artificial Intelligence,Computer Vision,Deep Learning,Image,Project,Python,Supervised,Unstructured Data"
64,65,ananyacy,https://www.analyticsvidhya.com/blog/2021/06/what-is-a-business-analyst-and-what-is-the-role-of-a-business-analyst-in-a-company/,2021-06-28,2003,1,"Beginner,Business Analytics,Career,Jobs - Business Analytics"
65,66,chaodeyu,https://www.analyticsvidhya.com/blog/2021/06/playing-super-mario-bros-with-deep-reinforcement-learning/,2021-06-11,2001,0,"Advanced,Algorithm,Artificial Intelligence,Deep Learning,Reinforcement Learning"
66,67,prateekmaj21,https://www.analyticsvidhya.com/blog/2021/06/mlops-machine-learning-operations-in-microsoft-azure/,2021-06-28,1851,1,"Advanced,AzureML,Cloud Computing,Machine Learning,MLops,Project,Python"
67,68,bala1603,https://www.analyticsvidhya.com/blog/2021/06/build-your-own-ai-chatbot-from-scratch/,2021-06-16,1849,0,"chatbot,Deep Learning,Intermediate,NLP,Project,Python,Text"
68,69,dmoonat,https://www.analyticsvidhya.com/blog/2021/06/beginners-guide-to-machine-learning-explainability/,2021-06-17,1807,1,"Intermediate,Machine Learning"
69,70,rawal@71,https://www.analyticsvidhya.com/blog/2021/06/must-known-techniques-for-text-preprocessing-in-nlp/,2021-06-14,1781,1,"Advanced,Listicle,NLP,Python,Text,Unstructured Data"
70,71,gunjan28,https://www.analyticsvidhya.com/blog/2021/06/10-examples-you-should-try-to-master-list-comprehensions-in-python/,2021-06-12,1777,1,"Beginner,Programming,Python,Technique"
71,72,Simi_Sanya,https://www.analyticsvidhya.com/blog/2021/06/build-user-interface-with-gradio-for-your-deep-learning-project/,2021-06-17,1706,1,"Data Science,Deep Learning,Intermediate,Libraries,Programming,Project"
72,73,Srivignesh_R,https://www.analyticsvidhya.com/blog/2021/06/data-manipulation-using-pandas-essential-functionalities-of-pandas-you-need-to-know/,2021-06-18,1699,1,"Beginner,Data Cleaning,Data Exploration,Data Science,Libraries,Pandas,python,Structured Data"
73,74,shakhadri313,https://www.analyticsvidhya.com/blog/2021/06/implementation-of-yolov3-simplified/,2021-06-11,1674,1,"Advanced,Computer Vision,Deep Learning,Image,Object Tracking,Python,Unstructured Data"
74,75,saptarshi41,https://www.analyticsvidhya.com/blog/2021/06/personalized-medicine-through-machine-learning/,2021-06-17,1619,1,"Advanced,Artificial Intelligence,Data Science,Healthcare,Machine Learning"
75,76,chirag676,https://www.analyticsvidhya.com/blog/2021/06/part-6-step-by-step-guide-to-master-nlp-word2vec/,2021-06-21,1586,1,"Beginner,Data Cleaning,NLP,Python,Text,Unstructured Data,Word Embeddings"
76,77,shakhadri313,https://www.analyticsvidhya.com/blog/2021/06/build-resnet-from-scratch-with-python/,2021-06-07,1583,1,"Advanced,Deep Learning,PyTorch"
77,78,Nishtha11,https://www.analyticsvidhya.com/blog/2021/06/functions-in-python-that-every-data-science-beginners-should-begin-learning-with/,2021-06-20,1548,0,"Beginner,Programming,Python"
78,79,priyal27,https://www.analyticsvidhya.com/blog/2021/06/automated-spam-e-mail-detection-modelusing-common-nlp-tasks/,2021-06-29,1423,1,"Advanced,Classification,NLP,Project,Python,Structured Data,Supervised,Text"
79,80,dmoonat,https://www.analyticsvidhya.com/blog/2021/06/cowin-notify-c-build-notification-service-for-availability-of-vaccination-slots/,2021-06-11,1377,1,"Advanced,Machine Learning,Programming,Python"
80,81,kaustubh1828,https://www.analyticsvidhya.com/blog/2021/06/deploying-ml-models-as-api-using-fastapi-and-heroku/,2021-06-30,1360,1,"Advanced,Data Engineering,Model Deployment,Project,Python"
81,82,kaustubh1828,https://www.analyticsvidhya.com/blog/2021/06/exploring-pandas-dataframe-with-d-tale/,2021-06-24,1349,1,"Beginner,Data Exploration,Data Science,Data Visualization,Libraries"
82,83,tirtha_mech89,https://www.analyticsvidhya.com/blog/2021/06/simplest-way-to-do-object-detection-on-custom-datasets/,2021-06-10,1254,0,"Advanced,Computer Vision,Deep Learning,Image,Libraries,Python,PyTorch,Unstructured Data,Unsupervised"
83,84,aashi73,https://www.analyticsvidhya.com/blog/2021/06/complete-guide-to-chebyshevs-inequality-and-wlln-in-statistics-for-data-science/,2021-06-07,1204,1,"Beginner,Maths,Statistics"
84,85,saikat365,https://www.analyticsvidhya.com/blog/2021/06/the-10-most-frequently-used-functions-you-must-know-to-manipulate-pandas-dataframe/,2021-06-13,1192,0,"Beginner,Libraries,Machine Learning,Pandas,Python,Structured Data"
85,86,aashi73,https://www.analyticsvidhya.com/blog/2021/06/end-to-end-machine-learning-use-case-for-beginners/,2021-06-10,1127,1,"Beginner,Data Exploration,Linear Regression,Machine Learning,Python,Regression,Structured Data"
86,87,vaishshells,https://www.analyticsvidhya.com/blog/2021/06/sign-language-recognition-for-computer-vision-enthusiasts/,2021-06-07,1093,0,"Advanced,Computer Vision,Project,Python"
87,88,sourav6458,https://www.analyticsvidhya.com/blog/2021/06/5-hyperparameter-optimization-techniques-you-must-know-for-data-science-hackathons/,2021-06-09,1091,0,"Advanced,Machine Learning,Python"
88,89,harsh_dhamecha,https://www.analyticsvidhya.com/blog/2021/06/deploy-your-ml-dl-streamlit-application-on-heroku/,2021-06-29,1079,1,"Advanced,Data Engineering,Deep Learning,Machine Learning,Programming,Project,Python,Streamlit,Supervised"
89,90,aashi73,https://www.analyticsvidhya.com/blog/2021/06/complete-guide-to-moment-generating-functions-in-statistics-for-data-science/,2021-06-09,999,1,"Beginner,Probability,Statistics"
90,91,Simi_Sanya,https://www.analyticsvidhya.com/blog/2021/06/offline-data-augmentation-for-multiple-images/,2021-06-14,946,1,"Advanced,Computer Vision,Image,Image Analysis,Project,Python"
91,92,r-sajal,https://www.analyticsvidhya.com/blog/2021/06/guide-to-data-visualization-with-python-part-1/,2021-06-26,944,1,"Beginner,Data Exploration,Data Visualization,Machine Learning,Python"
92,93,chaodeyu,https://www.analyticsvidhya.com/blog/2021/06/predict-future-sales-using-xgbregressor/,2021-06-12,912,0,"Algorithm,Intermediate,Machine Learning,Project,Python"
93,94,yasho_191,https://www.analyticsvidhya.com/blog/2021/06/decoding-the-chi-square-test%e2%80%8a-%e2%80%8ause-implementation-and-visualization/,2021-06-12,902,0,"Beginner,Maths,Python,Statistics"
94,95,suvarna3,https://www.analyticsvidhya.com/blog/2021/06/linear-regression-in-machine-learning/,2021-06-09,877,1,"Beginner,Machine Learning,Project,Python,Regression,Structured Data,Supervised"
95,96,harsh_dhamecha,https://www.analyticsvidhya.com/blog/2021/06/data-visualization-techniques-you-must-know-as-a-data-scientist/,2021-06-20,870,1,"Beginner,Data Visualization,Project,Python,Structured Data,Technique"
96,97,neelutiwari,https://www.analyticsvidhya.com/blog/2021/06/data-cleaning-using-pandas/,2021-06-14,848,1,"Beginner,Data Cleaning,Programming,Python,Structured Data"
97,98,nilabhnishchhal,https://www.analyticsvidhya.com/blog/2021/06/15-pandas-functions-to-replicate-basic-sql-queries-in-python/,2021-06-14,771,1,"Beginner,Data Exploration,Libraries,Pandas,Programming,Python,Structured Data"
98,99,santhosh_tsk,https://www.analyticsvidhya.com/blog/2021/06/natural-language-processing-sentiment-analysis-using-lstm/,2021-06-22,733,0,"Advanced,Data Science,NLP,Project,Python,Text"
99,100,chirag676,https://www.analyticsvidhya.com/blog/2021/06/part-14-step-by-step-guide-to-master-nlp-basics-of-topic-modelling/,2021-06-25,723,1,"Advanced,Algorithm,NLP,Project,Python,Text"
100,101,vikramr008,https://www.analyticsvidhya.com/blog/2021/06/data-engineering-concepts-and-importance/,2021-06-14,710,0,"Beginner,Business Intelligence,Career,Data Engineering,Job Roles,Jobs- Big Data"
101,102,aman_preet_singh_gulati,https://www.analyticsvidhya.com/blog/2021/06/text-detection-from-images-using-easyocr-hands-on-guide/,2021-06-22,707,1,"Advanced,Computer Vision,Image,Image Analysis,NLP,Project,Python,Unstructured Data"
102,103,Srivignesh_R,https://www.analyticsvidhya.com/blog/2021/06/genetic-algorithms-and-its-use-cases-in-machine-learning/,2021-06-15,686,1,"Advanced,Machine Learning,Project,Python"
103,104,kaustubh1828,https://www.analyticsvidhya.com/blog/2021/06/generate-reports-using-pandas-profiling-deploy-using-streamlit/,2021-06-25,645,1,"Data Engineering,Data Exploration,Data Visualization,Intermediate,Listicle,Machine Learning,Project,Python,Streamlit,Structured Data,Technique"
104,105,sruthi94,https://www.analyticsvidhya.com/blog/2021/06/understanding-random-forest/,2021-06-17,642,0,"Advanced,Algorithm,Classification,Machine Learning,Project,Python,Regression,Structured Data,Supervised"
105,106,chirag676,https://www.analyticsvidhya.com/blog/2021/06/complete-guide-to-working-with-csv-files-in-python-with-pandas/,2021-06-10,632,1,"Beginner,Listicle,Pandas,Programming,Python,Structured Data,Technique"
106,107,chirag676,https://www.analyticsvidhya.com/blog/2021/06/part-4-step-by-step-guide-to-master-natural-language-processing-in-python/,2021-06-20,612,1,"Beginner,Data Cleaning,NLP,Python,Text"
107,108,illiyassha,https://www.analyticsvidhya.com/blog/2021/06/time-series-analysis-a-comprehensive-guide/,2021-06-29,609,1,"Beginner,Data Cleaning,Pandas,Python,Time Series"
108,108,gaurav_here,https://www.analyticsvidhya.com/blog/2021/06/if-you-are-a-python-programmer-avoid-these-mistakes/,2021-06-11,608,1,"Beginner,Programming,Python"
109,110,shashank_singhal_1,https://www.analyticsvidhya.com/blog/2021/06/the-missing-data-understand-the-concept-behind/,2021-06-16,606,0,"Beginner,Data Cleaning,Data Science,Machine Learning"
110,111,swapnil-vishwakarma,https://www.analyticsvidhya.com/blog/2021/06/all-you-need-to-know-about-convolutional-neural-networks/,2021-06-16,601,1,"Beginner,Computer Vision,Deep Learning,python,Unstructured Data"
111,112,karanpradhan266,https://www.analyticsvidhya.com/blog/2021/06/5-challenges-of-machine-learning/,2021-06-26,576,1,"Artificial Intelligence,Beginner,Listicle,Machine Learning"
112,112,Srivignesh_R,https://www.analyticsvidhya.com/blog/2021/06/dimensionality-reduction-using-autoencoders-in-python/,2021-06-15,575,1,"Advanced,Autoencoder,Machine Learning,Project,Python,python"
113,114,chirag676,https://www.analyticsvidhya.com/blog/2021/06/part-13-step-by-step-guide-to-master-nlp-regular-expressions/,2021-06-25,570,1,"Advanced,NLP,Python,Text,Unstructured Data"
114,115,chirag676,https://www.analyticsvidhya.com/blog/2021/06/part-7-step-by-step-guide-to-master-nlp-word-embedding/,2021-06-22,567,1,"Data Science,Intermediate,NLP,Python,Text,Unstructured Data"
115,115,chirag676,https://www.analyticsvidhya.com/blog/2021/06/part-11-step-by-step-guide-to-master-nlp-syntactic-analysis/,2021-06-24,567,1,"Advanced,NLP"
116,115,tanaya17,https://www.analyticsvidhya.com/blog/2021/06/linear-regression-using-neural-networks/,2021-06-25,566,0,"Advanced,Deep Learning,Maths,Project,Python,Regression,Structured Data,Supervised"
117,118,Chiraggoyal229,https://www.analyticsvidhya.com/blog/2021/06/part-3-step-by-step-guide-to-nlp-text-cleaning-and-preprocessing/,2021-06-15,555,0,"Advanced,NLP,Project,Python,Text"
118,119,mayank7185,https://www.analyticsvidhya.com/blog/2021/06/understand-all-about-amazon-redshift/,2021-06-10,513,1,"Cloud Computing,Data Engineering,Intermediate,Resource"
119,119,ajay_vardhan,https://www.analyticsvidhya.com/blog/2021/06/predictive-modelling-rain-prediction-in-australia-with-python/,2021-06-29,512,0,"Beginner,Classification,Data Exploration,Data Science,Machine Learning,Project,Python,Use Cases"
120,121,amruta99,https://www.analyticsvidhya.com/blog/2021/06/learn-how-to-implement-face-recognition-using-opencv-with-python/,2021-06-28,487,1,"Computer Vision,Image,Intermediate,Libraries,Project,Python,Unstructured Data"
121,121,harikabonthu96,https://www.analyticsvidhya.com/blog/2021/06/optical-character-recognitionocr-with-tesseract-opencv-and-python/,2021-06-24,486,1,"Advanced,Computer Vision,Image,Image Analysis,Object Detection,Project,Python,Structured Data,Supervised"
122,122,prateekmaj21,https://www.analyticsvidhya.com/blog/2021/06/nlp-application-named-entity-recognition-ner-in-python-with-spacy/,2021-06-16,485,1,"Advanced,NLP,Project,Python,Structured Data,Text"
123,124,dishaa.agarwal,https://www.analyticsvidhya.com/blog/2021/06/cross-sell-prediction-solution-to-analytics-vidya/,2021-06-14,480,1,"Beginner,Classification,Machine Learning,Project,Python,Structured Data"
124,125,mohit918,https://www.analyticsvidhya.com/blog/2021/06/classification-problem-relation-between-sensitivity-specificity-and-accuracy/,2021-06-22,478,0,"Beginner,Classification,Machine Learning,Maths"
125,126,ananda290,https://www.analyticsvidhya.com/blog/2021/06/app-building-and-deployment-of-a-predictive-model-using-flask-and-aws/,2021-06-20,456,1,"Advanced,Banking,Classification,Data Science,Model Deployment,Project,Python,Structured Data"
126,127,chirag676,https://www.analyticsvidhya.com/blog/2021/06/part-9-step-by-step-guide-to-master-nlp-semantic-analysis/,2021-06-23,452,1,"Advanced,NLP,Project,Python,Technique,Unstructured Data"
127,127,cb7705,https://www.analyticsvidhya.com/blog/2021/06/confusion-matrix-for-multi-class-classification/,2021-06-24,451,0,"Beginner,Classification,Machine Learning,Python"
128,129,chirag676,https://www.analyticsvidhya.com/blog/2021/06/part-6-step-by-step-guide-to-master-natural-language-processing-nlp-in-python/,2021-06-21,438,1,"Beginner,Data Cleaning,NLP,Python,Text,Unstructured Data,Word Embeddings"
129,130,Gargeya,https://www.analyticsvidhya.com/blog/2021/06/deep-dive-into-time-series-data-with-single-neuron/,2021-06-24,427,1,"Advanced,Deep Learning,Machine Learning,Project,Python,Structured Data,Time Series Forecasting"
130,130,yasho_191,https://www.analyticsvidhya.com/blog/2021/06/getting-started-with-machine-learning%e2%80%8a-%e2%80%8aimplementing-linear-regression-from-scratch/,2021-06-16,426,0,"Beginner,Machine Learning,Maths,Python,Statistics,Structured Data,Supervised,Technique"
131,132,shri_varsheni,https://www.analyticsvidhya.com/blog/2021/06/evaluate-your-model-metrics-for-image-classification-and-detection/,2021-06-21,418,1,"Advanced,Classification,Computer Vision,Maths,Object Detection"
132,133,Gargeya,https://www.analyticsvidhya.com/blog/2021/06/make-your-images-clearer-and-crisper-denoise-images-with-autoencoders/,2021-06-24,410,1,"Advanced,Computer Vision,Image,Image Analysis,Project,Python,Structured Data,Unsupervised"
133,133,agrawal@71,https://www.analyticsvidhya.com/blog/2021/07/build-a-simple-chatbot-using-python-and-nltk/,2021-07-01,409,1,"Advanced,Libraries,Machine Learning,Project,Python,Text,Unstructured Data,Unsupervised"
134,134,akshay_hari,https://www.analyticsvidhya.com/blog/2021/06/deploying-pyspark-machine-learning-models-with-google-cloud-platform-using-streamlit/,2021-06-27,408,0,"Advanced,Cloud Computing,Data Engineering,Project,Python,Regression,Spark,Streamlit"
135,136,chirag676,https://www.analyticsvidhya.com/blog/2021/06/part-20-step-by-step-guide-to-master-nlp-information-retrieval/,2021-06-29,406,1,"Advanced,NLP,Text"
136,136,amruta99,https://www.analyticsvidhya.com/blog/2021/06/learn-to-develop-a-simple-chatbot-using-python-and-deep-learning/,2021-06-22,405,1,"Advanced,NLP,Project,Python,Text,Unstructured Data,Use Cases"
137,137,AnirbanChakraborty06,https://www.analyticsvidhya.com/blog/2021/06/bootstrap-the-source-of-its-power/,2021-06-25,404,0,"Algorithm,Data Science,Intermediate,Machine Learning"
138,139,harikabonthu96,https://www.analyticsvidhya.com/blog/2021/06/rule-based-sentiment-analysis-in-python/,2021-06-18,398,1,"Advanced,Classification,NLP,Project,Python,Structured Data"
139,139,nilabhnishchhal,https://www.analyticsvidhya.com/blog/2021/06/how-to-access-use-sql-database-with-pyodbc-in-python/,2021-06-10,397,1,"Beginner,Libraries,Pandas,Programming,Project,Python,SQL,Technique"
140,141,Srivignesh_R,https://www.analyticsvidhya.com/blog/2021/06/deploy-machine-learning-models-leveraging-cherrypy-and-docker/,2021-06-17,395,1,"Advanced,Data Engineering,Model Deployment"
141,142,amruta99,https://www.analyticsvidhya.com/blog/2021/06/time-series-analysis-recurrence-neural-network-in-python/,2021-06-24,393,1,"Deep Learning,Intermediate,Project,Python,Time Series"
142,142,pattabhiramansrinivasan@gmail.com,https://www.analyticsvidhya.com/blog/2021/06/mlops-operationalizing-machine-learning-models-in-production/,2021-06-22,392,1,"Advanced,Machine Learning,MLops,Programming,Project,Python"
143,142,sethneha,https://www.analyticsvidhya.com/blog/2021/06/part-3-topic-modeling-and-latent-dirichlet-allocation-lda-using-gensim-and-sklearn/,2021-06-29,392,1,"Advanced,Github,NLP,Project,Python,Structured Data,Text"
144,145,chirag676,https://www.analyticsvidhya.com/blog/2021/06/part-5-step-by-step-guide-to-master-nlp-text-vectorization-approaches/,2021-06-21,387,1,"Beginner,Data Cleaning,Machine Learning,NLP,Python,Text,Word Embeddings"
145,145,amruta99,https://www.analyticsvidhya.com/blog/2021/06/covid-19-tweets-analysis-using-nlp-with-python/,2021-06-19,386,1,"Beginner,Classification,NLP,Python"
146,147,keerthz,https://www.analyticsvidhya.com/blog/2021/06/what-is-predictive-analytics-an-introductory-guide-for-data-science-beginners/,2021-06-21,375,1,"Beginner,Classification,Data Science,Machine Learning,Statistics"
147,148,Shankar_DK,https://www.analyticsvidhya.com/blog/2021/06/average-stepping-stones-of-analysis/,2021-06-18,370,1,"Beginner,Statistics"
148,148,shakhadri313,https://www.analyticsvidhya.com/blog/2021/06/language-translation-with-transformer-in-python/,2021-06-12,369,1,"Advanced,Data Science,NLP,Project,Python,PyTorch,Unstructured Data"
149,148,Aryan.B,https://www.analyticsvidhya.com/blog/2021/06/vader-for-sentiment-analysis/,2021-06-17,369,0,"Advanced,Libraries,NLP,Project,Python,Structured Data,Text,Use Cases"
150,149,Arnab1408,https://www.analyticsvidhya.com/blog/2021/06/using-hurst-exponent-to-analyse-the-stock-and-crypto-market-with-python/,2021-06-11,368,1,"Advanced,Machine Learning,Project,Python,Statistics,Structured Data,Supervised,Time Series Forecasting"
151,149,vikashrajluhaniwal@gmail.com,https://www.analyticsvidhya.com/blog/2021/06/storage-options-and-file-manipulation-commands-in-azure-databricks/,2021-06-24,368,1,"AzureML,Intermediate"
152,153,Gargeya,https://www.analyticsvidhya.com/blog/2021/06/decide-best-learning-rate-with-learningratescheduler-in-tensorflow/,2021-06-25,364,1,"Advanced,Data Science,Deep Learning,Libraries,Project,Python,Time Series"
153,153,kdu.techstudent,https://www.analyticsvidhya.com/blog/2021/06/beginners-guide-to-universal-approximation-theorem/,2021-06-29,364,0,"Advanced,Deep Learning,Maths"
154,155,Simi_Sanya,https://www.analyticsvidhya.com/blog/2021/06/ensemble-deep-learning-an-ensemble-of-deep-learning-models/,2021-06-21,362,1,"Advanced,Computer Vision,Deep Learning,Programming,Python"
155,155,chirag676,https://www.analyticsvidhya.com/blog/2021/06/20-questions-to-test-your-skills-on-hierarchical-clustering-algorithm/,2021-06-09,361,1,"Beginner,Clustering,Interviews,Machine Learning"
156,155,harikabonthu96,https://www.analyticsvidhya.com/blog/2021/06/kmodes-clustering-algorithm-for-categorical-data/,2021-06-13,361,1,"Algorithm,Beginner,Clustering,Data Science,Python,Unsupervised"
157,158,kruthika_k,https://www.analyticsvidhya.com/blog/2021/06/understand-weight-of-evidence-and-information-value/,2021-06-13,356,0,"Beginner,Core ML,Machine Learning,Python,Regression,Structured Data"
158,158,r-sajal,https://www.analyticsvidhya.com/blog/2021/06/nlp-answer-retrieval-from-document-using-python/,2021-06-22,355,1,"Beginner,Data Science,NLP,Python,Text"
159,159,chirag676,https://www.analyticsvidhya.com/blog/2021/06/complete-guide-to-prevent-overfitting-in-neural-networks-part-1/,2021-06-12,354,1,"Beginner,Deep Learning"
160,161,kajal56,https://www.analyticsvidhya.com/blog/2021/06/flight-price-prediction-a-regression-analysis-using-lazy-prediction/,2021-06-20,337,1,"Beginner,Data Exploration,Data Visualization,Listicle,Machine Learning,Python,Structured Data,Supervised,Use Cases"
161,162,smal,https://www.analyticsvidhya.com/blog/2021/06/streamlit-for-ml-web-applications-customers-propensity-to-purchase/,2021-06-20,334,0,"Advanced,Data Engineering,Machine Learning,Project,Python,Streamlit,Structured Data,Web Analytics"
162,163,chirag676,https://www.analyticsvidhya.com/blog/2021/06/part-19-step-by-step-guide-to-master-nlp-topic-modelling-using-lda-matrix-factorization-approach/,2021-06-29,331,1,"Advanced,NLP,Text"
163,164,u2k2,https://www.analyticsvidhya.com/blog/2021/06/forecasting-in-pharmaceutical-industry-part-2-drugs-with-a-limited-supply-of-raw-material/,2021-06-10,329,1,"Advanced,Machine Learning,Use Cases"
164,165,abdiel,https://www.analyticsvidhya.com/blog/2021/06/how-to-detect-covid19-cough-from-mel-spectrogram-using-convolutional-neural-network/,2021-06-30,324,0,"Advanced,Artificial Intelligence,Audio,Computer Vision,Deep Learning,Image,Project,Python,Unstructured Data"
165,166,mahisha_patel,https://www.analyticsvidhya.com/blog/2021/06/brain-tumor-detection-and-localization-using-deep-learning-part-2/,2021-06-06,320,0,"Advanced,Computer Vision,Deep Learning,Healthcare,Object Detection,Python"
166,167,saakshi077,https://www.analyticsvidhya.com/blog/2021/07/an-ultimate-guide-to-opencv-learning-libraries-1-0/,2021-07-01,316,0,"Beginner,Image,Libraries,Programming,Python"
167,168,kaustubh1828,https://www.analyticsvidhya.com/blog/2021/06/running-pandas-on-gpu-taking-it-to-the-moon,2021-06-22,314,1,"Data Science,Intermediate,Libraries,Machine Learning,Pandas,Profile Building,Python"
168,169,gaurav_here,https://www.analyticsvidhya.com/blog/2021/06/13-important-requirements-of-a-laptop-for-data-science-tasks/,2021-06-10,312,1,"Beginner,Career,Data Science"
169,169,mustafa13,https://www.analyticsvidhya.com/blog/2021/06/understanding-the-concept-of-hypothesis-in-data-science/,2021-06-16,311,0,"Beginner,Data Science,Machine Learning,Statistics,Structured Data"
170,171,Hardikkumar,https://www.analyticsvidhya.com/blog/2021/06/eda-exploratory-data-analysis-with-python/,2021-06-25,307,1,"Beginner,Data Exploration,Data Science,Machine Learning,Python,Structured Data"
171,171,ayush3987,https://www.analyticsvidhya.com/blog/2021/06/understand-mlops-machine-learning-in-production/,2021-06-14,306,1,"Beginner,Data Science,Machine Learning,Model Deployment"
172,171,aslananuragi,https://www.analyticsvidhya.com/blog/2021/06/gesture-controlled-video-game/,2021-06-16,306,0,"Advanced,Computer Vision,Image,Image Analysis,Project,Python,Technique,Unstructured Data"
173,174,u2k2,https://www.analyticsvidhya.com/blog/2021/06/promotional-response-curve-framework-in-pharmaceutical-industry-part-1/,2021-06-10,300,1,"Advanced,Machine Learning,Use Cases"
174,175,yashi_s,https://www.analyticsvidhya.com/blog/2021/06/analyzing-decision-tree-and-k-means-clustering-using-iris-dataset/,2021-06-28,293,0,"Beginner,Classification,Data Science,Machine Learning,Python,Supervised,Unsupervised"
175,176,kaustubh1828,https://www.analyticsvidhya.com/blog/2021/06/creating-android-ml-app-kivymd/,2021-06-30,287,1,"Advanced,Classification,Libraries,Model Deployment,Project,Python"
176,177,amitvkulkarni,https://www.analyticsvidhya.com/blog/2021/06/performance-testing-ml-serving-apis-with-locust/,2021-06-07,279,1,"Advanced,Machine Learning,Python"
177,178,dmoonat,https://www.analyticsvidhya.com/blog/2021/06/deploying-machine-learning-application-on-aws-fargate/,2021-06-26,271,1,"Advanced,Data Engineering,Docker,Machine Learning,Model Deployment,NLP,Profile Building"
178,178,shri_varsheni,https://www.analyticsvidhya.com/blog/2021/07/perform-logistic-regression-with-pytorch-seamlessly/,2021-07-01,270,1,"Beginner,Libraries,Machine Learning,Project,Python,PyTorch,Regression"
179,180,mrinal41,https://www.analyticsvidhya.com/blog/2021/06/how-to-solve-customer-segmentation-problem-with-machine-learning/,2021-06-26,267,1,"Beginner,Clustering,Data Science,Machine Learning,Python,Unsupervised,Use Cases"
180,180,vikashrajluhaniwal@gmail.com,https://www.analyticsvidhya.com/blog/2021/06/real-time-data-streaming-using-apache-spark/,2021-06-18,267,1,"Advanced,Big data,Data Engineering,Python,Spark"
181,180,agrawal@71,https://www.analyticsvidhya.com/blog/2021/06/text-analysis-with-spacy-to-master-nlp-techniques/,2021-06-18,266,1,"Beginner,Data Science,Libraries,NLP,python,Text"
182,183,aashi73,https://www.analyticsvidhya.com/blog/2021/06/complete-guide-to-statistical-moments-for-data-science/,2021-06-09,260,1,NA
183,183,megha152,https://www.analyticsvidhya.com/blog/2021/06/data-cleansing-how-to-clean-data-with-python/,2021-06-11,260,0,"Beginner,Data Cleaning,Data Exploration,Data Visualization,Machine Learning,Structured Data"
184,185,shri_varsheni,https://www.analyticsvidhya.com/blog/2021/06/binary-image-classifier-using-pytorch/,2021-06-13,258,1,"Advanced,Classification,Computer Vision,Image,Image Analysis,Libraries,Project,Python,PyTorch"
185,186,illiyassha,https://www.analyticsvidhya.com/blog/2021/06/descriptive-statistics-a-beginners-guide/,2021-06-16,256,1,"Beginner,Data Exploration,Data Science,Data Visualization,Maths,Statistics"
186,186,chirag676,https://www.analyticsvidhya.com/blog/2021/06/part-18-step-by-step-guide-to-master-nlp-topic-modelling-using-lda-probabilistic-approach/,2021-06-28,255,1,"Advanced,NLP,Text"
187,188,smruthirp,https://www.analyticsvidhya.com/blog/2021/06/magical-data-science-projects-to-enhance-your-resume/,2021-06-15,252,0,"Beginner,Career,Datasets,Libraries"
188,189,sethneha,https://www.analyticsvidhya.com/blog/2021/06/part-2-topic-modeling-and-latent-dirichlet-allocation-lda-using-gensim-and-sklearn/,2021-06-28,250,1,"Advanced,Data Science,Libraries,NLP,Python,Text,Unstructured Data"
189,189,shivani46,https://www.analyticsvidhya.com/blog/2021/06/beginner-projects-to-learn-natural-language-processing-using-python/,2021-06-27,249,1,"Beginner,Machine Learning,NLP,Project,Python,Text"
190,191,REDOC-ER,https://www.analyticsvidhya.com/blog/2021/06/nlp-sentiment-analysis/,2021-06-15,243,1,"Advanced,Classification,NLP,Project,Python,Structured Data,Supervised,Text"
191,191,taha07,https://www.analyticsvidhya.com/blog/2021/06/build-an-image-classifier-with-svm/,2021-06-18,242,1,"Advanced,Classification,Computer Vision,Image,Project,python,Unstructured Data"
192,191,nilabhnishchhal,https://www.analyticsvidhya.com/blog/2021/06/4-most-popular-ways-of-deployment-in-cloud-computing/,2021-06-16,242,1,"Advanced,Cloud Computing"
193,194,gunjan28,https://www.analyticsvidhya.com/blog/2021/06/application-of-machine-learning-in-medical-domain/,2021-06-11,240,1,"Beginner,Data Exploration,Data Science,Machine Learning,Project,Python,Regression,Structured Data,Use Cases"
194,194,harikabonthu96,https://www.analyticsvidhya.com/blog/2021/06/single-link-hierarchical-clustering-clearly-explained/,2021-06-12,239,1,"Algorithm,Beginner,Clustering,Core ML,Machine Learning,Unsupervised"
195,195,shashank_singhal_1,https://www.analyticsvidhya.com/blog/2021/06/defining-analysing-and-implementing-imputation-techniques/,2021-06-21,238,0,"Beginner,Data Cleaning,Machine Learning,Python,Structured Data,Technique"
196,196,amitvkulkarni,https://www.analyticsvidhya.com/blog/2021/06/mlops-versioning-datasets-with-git-dvc/,2021-06-19,237,1,"Advanced,Data Engineering,Github,Listicle,MLops,python"
197,198,lakshmi225,https://www.analyticsvidhya.com/blog/2021/06/building-your-own-rule-based-conversational-chatbot-python-implementation/,2021-06-15,234,1,"Beginner,chatbot,Python,python,Regex,Text"
198,199,Vj247,https://www.analyticsvidhya.com/blog/2021/06/statistical-tests-to-check-stationarity-in-time-series-part-1/,2021-06-16,231,0,"Beginner,Data Science,Libraries,Programming,Python,Statistics,Time Series,Time Series Forecasting"
199,200,jrath2001,https://www.analyticsvidhya.com/blog/2021/06/ai-artificial-intelligence-is-not-always-true/,2021-06-11,229,1,"Artificial Intelligence,Beginner,Research &amp; Technology"
200,200,naman917,https://www.analyticsvidhya.com/blog/2021/06/traversing-the-trinity-of-statistical-inference-part-2-confidence-intervals/,2021-06-23,228,1,"Beginner,Maths,Probability,Statistics"
201,202,u2k2,https://www.analyticsvidhya.com/blog/2021/06/text-preprocessing-made-easy/,2021-06-14,223,1,"Advanced,NLP,Project,Python,Structured Data,Text"
202,203,dhanya_thailappan,https://www.analyticsvidhya.com/blog/2021/06/feature-selection-techniques-in-machine-learning-2/,2021-06-11,215,1,"Beginner,Data Exploration,Data Science,Machine Learning,Python,Technique"
203,204,uday200,https://www.analyticsvidhya.com/blog/2021/06/mfcc-technique-for-speech-recognition/,2021-06-13,210,0,"Advanced,Algorithm,Audio"
204,204,prem_prakash7,https://www.analyticsvidhya.com/blog/2021/06/exploratory-data-analysis-a-beginners-guide-to-perform-eda/,2021-06-10,209,0,"Beginner,Data Exploration,Data Visualization,Pandas,Python,Statistics,Structured Data"
205,206,vishesharora,https://www.analyticsvidhya.com/blog/2021/06/analyze-cricket-data-with-python-a-hands-on-guide/,2021-06-13,206,1,"Beginner,Data Exploration,Data Visualization,Project,Python,Structured Data"
206,206,gaurav_here,https://www.analyticsvidhya.com/blog/2021/06/regex-cheatsheet-for-natural-language-processing-tasks/,2021-06-23,205,1,"Advanced,Listicle,NLP,Programming,Python"
207,207,chirag676,https://www.analyticsvidhya.com/blog/2021/06/part-5-step-by-step-guide-to-master-natural-language-processing-nlp-in-python/,2021-06-21,204,1,"Beginner,Data Cleaning,Machine Learning,NLP,Python,Text,Word Embeddings"
208,207,karanpradhan266,https://www.analyticsvidhya.com/blog/2021/06/how-to-get-the-most-out-of-bias-variance-tradeoff/,2021-06-20,204,1,"Beginner,Bias and Variance,Machine Learning,Python,Structured Data,Supervised,Technique"
209,210,amruta99,https://www.analyticsvidhya.com/blog/2021/06/beginners-guide-of-natural-language-processing-using-spacy/,2021-06-30,202,1,"Beginner,Libraries,NLP,Python,Text,Unstructured Data"
210,210,illiyassha,https://www.analyticsvidhya.com/blog/2021/06/introductory-statistics-for-data-science/,2021-06-14,201,1,"Beginner,Data Science,Machine Learning,Statistics,Structured Data"
211,212,chirag676,https://www.analyticsvidhya.com/blog/2021/06/part-17-step-by-step-guide-to-master-nlp-topic-modelling-using-plsa/,2021-06-28,199,1,"Advanced,NLP,Text"
212,212,amruta99,https://www.analyticsvidhya.com/blog/2021/06/image-classification-using-convolutional-neural-network-with-python/,2021-06-14,199,1,"Computer Vision,Deep Learning,Intermediate,Project,Python"
213,212,sethneha,https://www.analyticsvidhya.com/blog/2021/06/topic-modeling-and-latent-dirichlet-allocationlda-using-gensim-and-sklearn-part-1/,2021-06-27,199,1,"Beginner,Machine Learning,NLP,Unstructured Data,Unsupervised"
214,212,arpandas65,https://www.analyticsvidhya.com/blog/2021/06/develop-a-customer-review-analysis-platform-from-scratch/,2021-06-11,198,0,"Advanced,NLP,Project,Python,Structured Data"
215,216,amruta99,https://www.analyticsvidhya.com/blog/2021/06/how-to-build-a-data-warehouse-using-postgresql-in-python/,2021-06-20,194,1,"Advanced,Data Engineering,Python,SQL,Structured Data"
216,216,Srivignesh_R,https://www.analyticsvidhya.com/blog/2021/06/univariate-anomaly-detection-a-walkthrough-in-python/,2021-06-14,193,1,"Beginner,Data Exploration,Data Visualization,Python,Structured Data"
217,216,mrinal41,https://www.analyticsvidhya.com/blog/2021/06/building-a-cnn-with-tf-keras-functional-api/,2021-06-10,193,1,"Classification,Data Science,Deep Learning,Intermediate,Libraries,Python,Unstructured Data"
218,219,mayurbadole2407,https://www.analyticsvidhya.com/blog/2021/06/artificial-neural-network-using-breast-cancer-dataset/,2021-06-14,191,1,"Beginner,Classification,Deep Learning,Python,Structured Data"
219,219,prateekmaj21,https://www.analyticsvidhya.com/blog/2021/06/tv-shows-analysis-netflix-prime-video-hulu-and-disney/,2021-06-21,190,1,"Beginner,Data Exploration,Data Visualization,Project,Python,Structured Data"
220,220,aman734,https://www.analyticsvidhya.com/blog/2021/06/recurrent-neural-networks-introduction-for-beginners/,2021-06-13,189,0,"Advanced,Deep Learning,Maths"
221,222,dishaa.agarwal,https://www.analyticsvidhya.com/blog/2021/06/guide-to-gradient-descent-and-its-variants-with-python-implementation/,2021-06-15,186,1,"Algorithm,Beginner,Deep Learning,Listicle,Python"
222,222,gaurav_here,https://www.analyticsvidhya.com/blog/2021/06/best-practices-for-becoming-a-good-python-developer/,2021-06-16,186,1,"Beginner,Career,Programming,Python"
223,222,amitvkulkarni,https://www.analyticsvidhya.com/blog/2021/06/mlops-tracking-ml-experiments-with-data-version-control/,2021-06-17,185,1,"Data Science,Intermediate,Libraries,MLops,Model Deployment,Python"
224,224,aditya.agar3,https://www.analyticsvidhya.com/blog/2021/06/fairness-and-ethics-in-artificial-intelligence/,2021-06-15,184,1,"Artificial Intelligence,Beginner,Bias and Variance,Social Sector"
225,225,kajal56,https://www.analyticsvidhya.com/blog/2021/06/how-to-connect-mongodb-database-with-django/,2021-06-16,183,1,"Beginner,Data Engineering,MongoDB,NoSQL"
226,226,mayurbadole2407,https://www.analyticsvidhya.com/blog/2021/06/create-convolutional-neural-network-model-and-optimize-using-keras-tuner-deep-learning/,2021-06-16,182,1,"Advanced,Computer Vision,Image,Image Analysis,Project,Python,Structured Data,Supervised"
227,228,Siddharth1698,https://www.analyticsvidhya.com/blog/2021/06/setting-up-real-time-structured-streaming-with-spark-and-kafka-on-windows-os/,2021-06-26,175,1,"Advanced,Data Engineering,Project,Python,Spark"
228,228,saikat365,https://www.analyticsvidhya.com/blog/2021/06/5-techniques-to-handle-imbalanced-data-for-a-classification-problem/,2021-06-21,174,0,"Beginner,Data Science,Machine Learning,Python"
229,229,mohit_tripathi,https://www.analyticsvidhya.com/blog/2021/06/working-with-lists-dictionaries-in-python/,2021-06-23,173,1,"Beginner,Programming,Python"
230,231,mrinal41,https://www.analyticsvidhya.com/blog/2021/06/what-data-mining-can-do-for-your-company-and-practical-uses-of-data-mining-in-businesses/,2021-06-11,171,1,"Beginner,Computer Vision,Data Mining"
231,231,anurag121098,https://www.analyticsvidhya.com/blog/2021/06/exploratory-data-analysis-with-sas-and-python/,2021-06-21,170,0,"Beginner,Data Exploration,Python,python,SAS"
232,231,ankita4992,https://www.analyticsvidhya.com/blog/2021/06/understand-the-concept-of-indexing-in-depth/,2021-06-10,170,1,"Beginner,Data Engineering,Python"
233,234,saumyab271,https://www.analyticsvidhya.com/blog/2021/06/machine-learning-vs-artificial-intelligence-vs-deep-learning/,2021-06-14,165,1,"Artificial Intelligence,Beginner,Deep Learning,Machine Learning"
234,234,JNK789,https://www.analyticsvidhya.com/blog/2021/06/end-to-end-computer-vision-application-with-fastai/,2021-06-16,165,1,"Advanced,Computer Vision,Image,Image Analysis,Libraries,Python,Structured Data"
235,236,aman_preet_singh_gulati,https://www.analyticsvidhya.com/blog/2021/06/indian-patients-liver-dataset-analysis-and-classification/,2021-06-16,161,1,"Beginner,Classification,Data Visualization,Healthcare,Machine Learning,Project,Python,Regression,Structured Data,Supervised,Technique,Use Cases"
236,236,agrawal@71,https://www.analyticsvidhya.com/blog/2021/06/exploratory-data-analysis-using-data-visualization-techniques/,2021-06-25,160,1,"Beginner,Data Exploration,Data Science,Python,Structured Data"
237,238,yash836,https://www.analyticsvidhya.com/blog/2021/06/crowd-counting-using-deep-learning/,2021-06-14,158,1,"Advanced,Computer Vision,Image,Image Analysis,Maths,Project,Python,Structured Data,Technique"
238,238,chaitra8,https://www.analyticsvidhya.com/blog/2021/06/must-know-data-pre-processing-techniques-for-natural-language-processing/,2021-06-15,157,0,"Beginner,Listicle,NLP,Python"
239,240,Siddharth1698,https://www.analyticsvidhya.com/blog/2021/06/understanding-resnet-and-analyzing-various-models-on-the-cifar-10-dataset/,2021-06-23,154,1,"Advanced,Deep Learning,Image,Maths"
240,241,r-sajal,https://www.analyticsvidhya.com/blog/2021/06/guide-to-data-visualization-with-python-part-2/,2021-06-26,151,1,"Beginner,Data Exploration,Data Visualization,Machine Learning,Python"
241,241,gourav29,https://www.analyticsvidhya.com/blog/2021/06/autoencoders-a-gentle-introduction/,2021-06-15,151,1,"Algorithm,Computer Vision,Deep Learning,Image,Intermediate,Python,Unstructured Data"
242,241,shivani46,https://www.analyticsvidhya.com/blog/2021/06/reinforcement-learning-guide-for-beginners/,2021-06-14,151,1,"Advanced,Project,Python,Reinforcement Learning"
243,244,prateekmaj21,https://www.analyticsvidhya.com/blog/2021/06/fuzzywuzzy-python-library-interesting-tool-for-nlp-and-text-analytics/,2021-06-15,147,1,"Advanced,Libraries,NLP,Project,Python,Structured Data,Text"
244,244,sawan777,https://www.analyticsvidhya.com/blog/2021/06/music-genres-classification-using-deep-learning-techniques/,2021-06-15,146,0,"Advanced,Computer Vision,Deep Learning,Project,Resource,Use Cases"
245,244,mrinal41,https://www.analyticsvidhya.com/blog/2021/06/all-you-need-to-know-about-reinforcement-learning-for-digital-marketing/,2021-06-23,146,1,"Beginner,Career,Reinforcement Learning,Use Cases"
246,247,mrinal41,https://www.analyticsvidhya.com/blog/2021/06/how-big-data-is-shaping-healthcare-to-make-it-further-affordable-accurate-intelligent/,2021-06-28,144,1,"Beginner,Big data,Education,Healthcare"
247,247,chirag676,https://www.analyticsvidhya.com/blog/2021/06/part-15-step-by-step-guide-to-master-nlp-topic-modelling-using-nmf/,2021-06-26,144,1,"Advanced,NLP,Python,Text"
248,247,saptarshi41,https://www.analyticsvidhya.com/blog/2021/06/juicing-out-the-diabetes-patterns-amongst-indians-using-machine-learning/,2021-06-18,143,1,"Beginner,Classification,Machine Learning,Project,Python,Structured Data,Supervised"
249,250,mrinal41,https://www.analyticsvidhya.com/blog/2021/06/unplanned-train-test-split-is-not-always-acceptable/,2021-06-09,139,1,"Classification,Data Science,Intermediate,Project,Resource"
250,250,chirag676,https://www.analyticsvidhya.com/blog/2021/06/part-16-step-by-step-guide-to-master-nlp-topic-modelling-using-lsa/,2021-06-26,138,1,"Advanced,NLP,Text"
251,250,ashish@choudhary,https://www.analyticsvidhya.com/blog/2021/06/data-extraction-from-unstructured-pdfs/,2021-06-21,138,1,"Beginner,Libraries,Pandas,Python,Unstructured Data"
252,251,saurabh409,https://www.analyticsvidhya.com/blog/2021/06/everything-happening-in-computer-vision-that-you-should-know/,2021-06-30,137,0,"Advanced,Computer Vision"
253,253,srinikethcr7,https://www.analyticsvidhya.com/blog/2021/06/sentiment-analysis-using-nltk-a-practical-approach/,2021-06-25,136,1,"Advanced,Classification,Libraries,NLP,Project,Python,Structured Data,Supervised,Text"
254,254,r-sajal,https://www.analyticsvidhya.com/blog/2021/06/nlp-answer-retrieval-from-document-using-ts-ss-similarity-python/,2021-06-23,135,1,"Advanced,NLP,Programming,Project,Python,Supervised,Technique,Text,Use Cases"
255,256,dhanya_thailappan,https://www.analyticsvidhya.com/blog/2021/06/keras-tuner-auto-neural-network-architecture-selection/,2021-06-10,131,1,"Advanced,Computer Vision,Deep Learning,Libraries,Python"
256,257,ShivamParab,https://www.analyticsvidhya.com/blog/2021/06/applying-software-engineering-process-for-more-effective-data-science-projects/,2021-06-15,128,0,"Beginner,Career,Machine Learning,Programming"
257,257,gurdeep101,https://www.analyticsvidhya.com/blog/2021/06/download-15-years-of-nifty-index-options-data-using-nsepy-package/,2021-06-30,128,0,"Beginner,Data Mining,Libraries,Machine Learning,Project,Python,Structured Data"
258,259,pearl2,https://www.analyticsvidhya.com/blog/2021/06/beginners-guide-to-flajolet-martin-algorithm/,2021-06-21,125,0,"Advanced,Algorithm,Data Engineering,Maths,Programming,Python"
259,260,chirag676,https://www.analyticsvidhya.com/blog/2021/06/complete-guide-to-gradient-based-optimizers/,2021-06-14,123,1,"Algorithm,Beginner,Deep Learning"
260,260,pranay7096574,https://www.analyticsvidhya.com/blog/2021/06/walk-through-of-haberman-cancer-survival-dataset-exploratory-data-analysis/,2021-06-26,123,0,"Beginner,Data Exploration,Data Visualization,Python,Structured Data"
261,260,dmoonat,https://www.analyticsvidhya.com/blog/2021/06/a-hands-on-guide-to-containerized-your-machine-learning-workflow-with-docker/,2021-06-24,123,1,"Advanced,Data Engineering,Docker,Machine Learning,Model Deployment,Python,python"
262,260,chirag676,https://www.analyticsvidhya.com/blog/2021/06/complete-guide-to-prevent-overfitting-in-neural-networks-part-2/,2021-06-14,122,1,"Algorithm,Beginner,Deep Learning,Technique"
263,264,bhakti008,https://www.analyticsvidhya.com/blog/2021/06/room-occupancy-detection-using-machine-learning-algorithms/,2021-06-16,117,0,"Beginner,Data Exploration,Machine Learning,Project,R,Statistics,Structured Data,Supervised"
264,265,dhanya_thailappan,https://www.analyticsvidhya.com/blog/2021/06/feature-detection-description-and-matching-of-images-using-opencv/,2021-06-14,114,1,"Algorithm,Beginner,Computer Vision,Image,Python"
265,265,vishal462,https://www.analyticsvidhya.com/blog/2021/06/face-detection-and-recognition-capable-of-beating-humans-using-facenet/,2021-06-26,114,0,"Advanced,Computer Vision,Image,Image Analysis,Project,Python"
266,267,bai3,https://www.analyticsvidhya.com/blog/2021/06/introduction-to-skull-stripping-image-segmentation-on-3d-mri-images/,2021-06-16,111,1,"Advanced,Classification,Healthcare,Image,Image Analysis,Project,Python,Structured Data,Technique"
267,268,pavankalyan9065,https://www.analyticsvidhya.com/blog/2021/06/know-the-basics-of-exploratory-data-analysis/,2021-06-11,108,1,"Beginner,Data Exploration,Data Visualization,Python,Structured Data"
268,268,prateekmaj21,https://www.analyticsvidhya.com/blog/2021/06/word-sense-disambiguation-importance-in-natural-language-processing/,2021-06-24,107,1,"Advanced,Algorithm,NLP,Text"
269,270,lakshmi225,https://www.analyticsvidhya.com/blog/2021/06/a-gentle-introduction-to-muril-multilingual-representations-for-indian-languages/,2021-06-22,105,1,"Advanced,Data Science,NLP,Python,Text"
270,270,priya_dharshini__,https://www.analyticsvidhya.com/blog/2021/06/4-ways-to-handle-insufficient-data-in-machine-learning/,2021-06-13,104,0,"Beginner,Data Cleaning,Data Exploration,Machine Learning"
271,271,mrinal41,https://www.analyticsvidhya.com/blog/2021/06/master-computer-vision-in-just-a-few-minutes/,2021-06-14,103,1,"Artificial Intelligence,Beginner,Computer Vision,Data Science,Image,Unsupervised"
272,273,r-sajal,https://www.analyticsvidhya.com/blog/2021/06/k-means-clustering-and-transfer-learning-for-image-classification/,2021-06-24,100,1,"Advanced,Classification,Clustering,Deep Learning,Project,Python,Uncategorized"
273,273,swetha36,https://www.analyticsvidhya.com/blog/2021/06/analyzing-customer-feedbacks-using-aspect-based-sentiment-analysis/,2021-06-14,99,0,"Advanced,NLP,Project,Python,Text,Unstructured Data"
274,275,tanaya17,https://www.analyticsvidhya.com/blog/2021/06/transfer-learning-using-vgg16-in-pytorch/,2021-06-24,94,0,"Advanced,Computer Vision,Image,Image Analysis,Libraries,Python,PyTorch,Unstructured Data"
275,275,mohit_tripathi,https://www.analyticsvidhya.com/blog/2021/06/top-15-pandas-data-exploration-functions/,2021-06-21,94,1,"Beginner,Data Exploration,Pandas,Python,Structured Data"
276,277,Srivignesh_R,https://www.analyticsvidhya.com/blog/2021/06/tuning-hyperparameters-of-an-artificial-neural-network-leveraging-keras-tuner/,2021-06-22,88,1,"Advanced,Deep Learning,Libraries,Project,Python,Structured Data"
277,277,lakshmi225,https://www.analyticsvidhya.com/blog/2021/06/build-your-own-fake-news-classifier-with-nlp/,2021-06-28,88,1,"Advanced,Classification,News,NLP,Project,Python,python,Text"
278,277,naman917,https://www.analyticsvidhya.com/blog/2021/06/traversing-the-trinity-of-statistical-inference-part-1-estimation/,2021-06-15,87,1,"Beginner,Maths,Statistics"
279,279,mrinalini72,https://www.analyticsvidhya.com/blog/2021/06/uber-and-lyft-cab-prices-data-analysis-and-visualization/,2021-06-17,86,0,"Beginner,Data Visualization"
280,281,Gargeya,https://www.analyticsvidhya.com/blog/2021/06/how-to-aggregate-pipeline-with-mongodb/,2021-06-26,83,1,"Advanced,Data Engineering,Libraries,MLops,Project,Python"
281,281,mrinal41,https://www.analyticsvidhya.com/blog/2021/06/how-covid19-pandemic-has-been-tackled-by-data-science/,2021-06-16,83,1,"Beginner,Career"
282,283,akilaram,https://www.analyticsvidhya.com/blog/2021/06/pyspark-handling-immutable-dataframes-with-flexibility/,2021-06-16,80,1,"Beginner,Data Engineering,Spark,Structured Data"
283,284,mrinal41,https://www.analyticsvidhya.com/blog/2021/06/how-to-add-textual-watermarks-to-the-images-with-opencv-and-pil/,2021-06-20,78,1,"Beginner,Computer Vision,Image,Libraries,Programming,python,Use Cases"
284,284,kaustubh1828,https://www.analyticsvidhya.com/blog/2021/06/running-pandas-on-gpu-taking-it-to-the-moon/,2021-06-22,77,1,"Data Science,Intermediate,Libraries,Machine Learning,Pandas,Profile Building,Python"
285,284,gunjan28,https://www.analyticsvidhya.com/blog/2021/06/datatypes-and-containers-in-python-a-complete-guide/,2021-06-14,77,1,"Beginner,Programming,Python"
286,287,bai3,https://www.analyticsvidhya.com/blog/2021/06/a-visual-guide-to-recurrent-neural-networks/,2021-06-26,75,1,"Advanced,Deep Learning"
287,287,yasho_191,https://www.analyticsvidhya.com/blog/2021/06/decoding-the-chi-square-test%e2%80%8a-%e2%80%8ause-along-with-implementation-and-visualization/,2021-06-12,74,0,"Beginner,Maths,Python,Statistics"
288,289,amruta99,https://www.analyticsvidhya.com/blog/2021/06/practical-guide-to-word-embedding-system/,2021-06-26,71,1,"Data Science,Intermediate,Libraries,NLP,Python,Text,Word Embeddings"
289,289,vedha24,https://www.analyticsvidhya.com/blog/2021/06/memory-networks-for-qaquestion-and-answer-applications/,2021-06-23,70,0,"Advanced,conversational AI,NLP"
290,291,mrinal41,https://www.analyticsvidhya.com/blog/2021/06/deep-learning-how-it-started-what-are-the-different-variants-how-it-caused-severe-disruption-to-all-existing-technology/,2021-06-15,61,1,"Beginner,Deep Learning"
291,292,shivani46,https://www.analyticsvidhya.com/blog/2021/06/introduction-to-computer-vision-for-data-scientists/,2021-06-25,59,1,"Advanced,Computer Vision,Image,Image Analysis,Project,Python"
292,293,priya_dharshini__,https://www.analyticsvidhya.com/blog/2021/06/must-know-statistical-data-analysis-techniques-in-machine-learning/,2021-06-24,54,0,"Beginner,Data Exploration,Data Visualization,Libraries,Project,Python,Structured Data"
293,294,keegan3,https://www.analyticsvidhya.com/blog/2021/06/image-recognition-using-pytorch-lightning/,2021-06-25,50,0,"Advanced,Computer Vision,Deep Learning,Image,Libraries,python,PyTorch,Unstructured Data"
294,295,mrinal41,https://www.analyticsvidhya.com/blog/2021/06/the-right-data-science-consultation-help-can-enable-you-to-actually-make-use-of-your-data-and-the-need-for-data-science-to-be-dynamic/,2021-06-11,44,1,"Beginner,Consulting"
295,295,Gargeya,https://www.analyticsvidhya.com/blog/2021/06/image-classifier-with-streaming-augmented-images-from-local-storage/,2021-06-15,44,1,"Deep Learning,Image,Intermediate,Python,Unstructured Data"
296,297,mrinal41,https://www.analyticsvidhya.com/blog/2021/06/why-is-data-science-still-considered-a-contemporary-and-highly-advanced-field-and-can-you-consult-a-data-science-consulting-firm/,2021-06-15,28,1,"Beginner,Career,Consulting"
297,298,mrinal41,https://www.analyticsvidhya.com/blog/2021/06/a-quick-overview-of-aroc-vs-accuracy-vs-roc/,2021-06-21,26,1,"Beginner,Classification,Machine Learning,Maths"
298,299,abhishek456,https://www.analyticsvidhya.com/blog/2021/06/do-artificial-intelligence-and-business-analytics-complement-each-other/,2021-06-18,16,0,"Artificial Intelligence,Beginner,Business Analytics"
299,300,chirag676,https://www.analyticsvidhya.com/blog/2021/06/part-8-step-by-step-guide-to-master-nlp-in-python/,2021-06-22,13,1,"Beginner,Data Science,NLP,Python,Text,Word Embeddings"
